,Passengerid,Age,Fare,Sex,sibsp,Parch,Pclass,Embarked,2urvived
0,1,22.0,7.25,0,1,0,3,2.0,0
1,2,38.0,71.2833,1,1,0,1,0.0,1
2,3,26.0,7.925,1,0,0,3,2.0,1
3,4,35.0,53.1,1,1,0,1,2.0,1
4,5,35.0,8.05,0,0,0,3,2.0,0
5,6,28.0,8.4583,0,0,0,3,1.0,0
6,7,54.0,51.8625,0,0,0,1,2.0,0
7,8,2.0,21.075,0,3,1,3,2.0,0
8,9,27.0,11.1333,1,0,2,3,2.0,1
9,10,14.0,30.0708,1,1,0,2,0.0,1
10,11,4.0,16.7,1,1,1,3,2.0,1
11,12,58.0,26.55,1,0,0,1,2.0,1
12,13,20.0,8.05,0,0,0,3,2.0,0
13,14,39.0,31.275,0,1,5,3,2.0,0
14,15,14.0,7.8542,1,0,0,3,2.0,0
15,16,55.0,16.0,1,0,0,2,2.0,1
16,17,2.0,29.125,0,4,1,3,1.0,0
17,18,28.0,13.0,0,0,0,2,2.0,1
18,19,31.0,18.0,1,1,0,3,2.0,0
19,20,28.0,7.225,1,0,0,3,0.0,1
20,21,35.0,26.0,0,0,0,2,2.0,0
21,22,34.0,13.0,0,0,0,2,2.0,1
22,23,15.0,8.0292,1,0,0,3,1.0,1
23,24,28.0,35.5,0,0,0,1,2.0,1
24,25,8.0,21.075,1,3,1,3,2.0,0
25,26,38.0,31.3875,1,1,5,3,2.0,1
26,27,28.0,7.225,0,0,0,3,0.0,0
27,28,19.0,263.0,0,3,2,1,2.0,0
28,29,28.0,7.8792,1,0,0,3,1.0,1
29,30,28.0,7.8958,0,0,0,3,2.0,0
30,31,40.0,27.7208,0,0,0,1,0.0,0
31,32,28.0,146.5208,1,1,0,1,0.0,1
32,33,28.0,7.75,1,0,0,3,1.0,1
33,34,66.0,10.5,0,0,0,2,2.0,0
34,35,28.0,82.1708,0,1,0,1,0.0,0
35,36,42.0,52.0,0,1,0,1,2.0,0
36,37,28.0,7.2292,0,0,0,3,0.0,1
37,38,21.0,8.05,0,0,0,3,2.0,0
38,39,18.0,18.0,1,2,0,3,2.0,0
39,40,14.0,11.2417,1,1,0,3,0.0,1
40,41,40.0,9.475,1,1,0,3,2.0,0
41,42,27.0,21.0,1,1,0,2,2.0,0
42,43,28.0,7.8958,0,0,0,3,0.0,0
43,44,3.0,41.5792,1,1,2,2,0.0,1
44,45,19.0,7.8792,1,0,0,3,1.0,1
45,46,28.0,8.05,0,0,0,3,2.0,0
46,47,28.0,15.5,0,1,0,3,1.0,0
47,48,28.0,7.75,1,0,0,3,1.0,1
48,49,28.0,21.6792,0,2,0,3,0.0,0
49,50,18.0,17.8,1,1,0,3,2.0,0
50,51,7.0,39.6875,0,4,1,3,2.0,0
51,52,21.0,7.8,0,0,0,3,2.0,0
52,53,49.0,76.7292,1,1,0,1,0.0,1
53,54,29.0,26.0,1,1,0,2,2.0,1
54,55,65.0,61.9792,0,0,1,1,0.0,0
55,56,28.0,35.5,0,0,0,1,2.0,1
56,57,21.0,10.5,1,0,0,2,2.0,1
57,58,28.5,7.2292,0,0,0,3,0.0,0
58,59,5.0,27.75,1,1,2,2,2.0,1
59,60,11.0,46.9,0,5,2,3,2.0,0
60,61,22.0,7.2292,0,0,0,3,0.0,0
62,63,45.0,83.475,0,1,0,1,2.0,0
63,64,4.0,27.9,0,3,2,3,2.0,0
64,65,28.0,27.7208,0,0,0,1,0.0,0
65,66,28.0,15.2458,0,1,1,3,0.0,1
66,67,29.0,10.5,1,0,0,2,2.0,1
67,68,19.0,8.1583,0,0,0,3,2.0,0
68,69,17.0,7.925,1,4,2,3,2.0,1
69,70,26.0,8.6625,0,2,0,3,2.0,0
70,71,32.0,10.5,0,0,0,2,2.0,0
71,72,16.0,46.9,1,5,2,3,2.0,0
72,73,21.0,73.5,0,0,0,2,2.0,0
73,74,26.0,14.4542,0,1,0,3,0.0,0
74,75,32.0,56.4958,0,0,0,3,2.0,1
75,76,25.0,7.65,0,0,0,3,2.0,0
76,77,28.0,7.8958,0,0,0,3,2.0,0
77,78,28.0,8.05,0,0,0,3,2.0,0
78,79,0.83,29.0,0,0,2,2,2.0,1
79,80,30.0,12.475,1,0,0,3,2.0,1
80,81,22.0,9.0,0,0,0,3,2.0,0
81,82,29.0,9.5,0,0,0,3,2.0,1
82,83,28.0,7.7875,1,0,0,3,1.0,1
83,84,28.0,47.1,0,0,0,1,2.0,0
84,85,17.0,10.5,1,0,0,2,2.0,1
85,86,33.0,15.85,1,3,0,3,2.0,1
86,87,16.0,34.375,0,1,3,3,2.0,0
87,88,28.0,8.05,0,0,0,3,2.0,0
88,89,23.0,263.0,1,3,2,1,2.0,1
89,90,24.0,8.05,0,0,0,3,2.0,0
90,91,29.0,8.05,0,0,0,3,2.0,0
91,92,20.0,7.8542,0,0,0,3,2.0,0
92,93,46.0,61.175,0,1,0,1,2.0,0
93,94,26.0,20.575,0,1,2,3,2.0,0
94,95,59.0,7.25,0,0,0,3,2.0,0
95,96,28.0,8.05,0,0,0,3,2.0,0
96,97,71.0,34.6542,0,0,0,1,0.0,0
97,98,23.0,63.3583,0,0,1,1,0.0,1
98,99,34.0,23.0,1,0,1,2,2.0,1
99,100,34.0,26.0,0,1,0,2,2.0,0
100,101,28.0,7.8958,1,0,0,3,2.0,0
101,102,28.0,7.8958,0,0,0,3,2.0,0
102,103,21.0,77.2875,0,0,1,1,2.0,0
103,104,33.0,8.6542,0,0,0,3,2.0,0
104,105,37.0,7.925,0,2,0,3,2.0,0
105,106,28.0,7.8958,0,0,0,3,2.0,0
106,107,21.0,7.65,1,0,0,3,2.0,1
107,108,28.0,7.775,0,0,0,3,2.0,1
108,109,38.0,7.8958,0,0,0,3,2.0,0
109,110,28.0,24.15,1,1,0,3,1.0,1
110,111,47.0,52.0,0,0,0,1,2.0,0
111,112,14.5,14.4542,1,1,0,3,0.0,0
112,113,22.0,8.05,0,0,0,3,2.0,0
113,114,20.0,9.825,1,1,0,3,2.0,0
114,115,17.0,14.4583,1,0,0,3,0.0,0
115,116,21.0,7.925,0,0,0,3,2.0,0
116,117,70.5,7.75,0,0,0,3,1.0,0
117,118,29.0,21.0,0,1,0,2,2.0,0
118,119,24.0,247.5208,0,0,1,1,0.0,0
119,120,2.0,31.275,1,4,2,3,2.0,0
120,121,21.0,73.5,0,2,0,2,2.0,0
121,122,28.0,8.05,0,0,0,3,2.0,0
122,123,32.5,30.0708,0,1,0,2,0.0,0
123,124,32.5,13.0,1,0,0,2,2.0,1
124,125,54.0,77.2875,0,0,1,1,2.0,0
125,126,12.0,11.2417,0,1,0,3,0.0,1
126,127,28.0,7.75,0,0,0,3,1.0,0
127,128,24.0,7.1417,0,0,0,3,2.0,1
128,129,28.0,22.3583,1,1,1,3,0.0,1
129,130,45.0,6.975,0,0,0,3,2.0,0
130,131,33.0,7.8958,0,0,0,3,0.0,0
131,132,20.0,7.05,0,0,0,3,2.0,0
132,133,47.0,14.5,1,1,0,3,2.0,0
133,134,29.0,26.0,1,1,0,2,2.0,1
134,135,25.0,13.0,0,0,0,2,2.0,0
135,136,23.0,15.0458,0,0,0,2,0.0,0
136,137,19.0,26.2833,1,0,2,1,2.0,1
137,138,37.0,53.1,0,1,0,1,2.0,0
138,139,16.0,9.2167,0,0,0,3,2.0,0
139,140,24.0,79.2,0,0,0,1,0.0,0
140,141,28.0,15.2458,1,0,2,3,0.0,0
141,142,22.0,7.75,1,0,0,3,2.0,1
142,143,24.0,15.85,1,1,0,3,2.0,1
143,144,19.0,6.75,0,0,0,3,1.0,0
144,145,18.0,11.5,0,0,0,2,2.0,0
145,146,19.0,36.75,0,1,1,2,2.0,0
146,147,27.0,7.7958,0,0,0,3,2.0,1
147,148,9.0,34.375,1,2,2,3,2.0,0
148,149,36.5,26.0,0,0,2,2,2.0,0
149,150,42.0,13.0,0,0,0,2,2.0,0
150,151,51.0,12.525,0,0,0,2,2.0,0
151,152,22.0,66.6,1,1,0,1,2.0,1
152,153,55.5,8.05,0,0,0,3,2.0,0
153,154,40.5,14.5,0,0,2,3,2.0,0
154,155,28.0,7.3125,0,0,0,3,2.0,0
155,156,51.0,61.3792,0,0,1,1,0.0,0
156,157,16.0,7.7333,1,0,0,3,1.0,1
157,158,30.0,8.05,0,0,0,3,2.0,0
158,159,28.0,8.6625,0,0,0,3,2.0,0
159,160,28.0,69.55,0,8,2,3,2.0,0
160,161,44.0,16.1,0,0,1,3,2.0,0
161,162,40.0,15.75,1,0,0,2,2.0,1
162,163,26.0,7.775,0,0,0,3,2.0,0
163,164,17.0,8.6625,0,0,0,3,2.0,0
164,165,1.0,39.6875,0,4,1,3,2.0,0
165,166,9.0,20.525,0,0,2,3,2.0,1
166,167,28.0,55.0,1,0,1,1,2.0,1
167,168,45.0,27.9,1,1,4,3,2.0,0
168,169,28.0,25.925,0,0,0,1,2.0,0
169,170,28.0,56.4958,0,0,0,3,2.0,0
170,171,61.0,33.5,0,0,0,1,2.0,0
171,172,4.0,29.125,0,4,1,3,1.0,0
172,173,1.0,11.1333,1,1,1,3,2.0,1
173,174,21.0,7.925,0,0,0,3,2.0,0
174,175,56.0,30.6958,0,0,0,1,0.0,0
175,176,18.0,7.8542,0,1,1,3,2.0,0
176,177,28.0,25.4667,0,3,1,3,2.0,0
177,178,50.0,28.7125,1,0,0,1,0.0,0
178,179,30.0,13.0,0,0,0,2,2.0,0
179,180,36.0,0.0,0,0,0,3,2.0,0
180,181,28.0,69.55,1,8,2,3,2.0,0
181,182,28.0,15.05,0,0,0,2,0.0,0
182,183,9.0,31.3875,0,4,2,3,2.0,0
183,184,1.0,39.0,0,2,1,2,2.0,1
184,185,4.0,22.025,1,0,2,3,2.0,1
185,186,28.0,50.0,0,0,0,1,2.0,0
186,187,28.0,15.5,1,1,0,3,1.0,1
187,188,45.0,26.55,0,0,0,1,2.0,1
188,189,40.0,15.5,0,1,1,3,1.0,0
189,190,36.0,7.8958,0,0,0,3,2.0,0
190,191,32.0,13.0,1,0,0,2,2.0,1
191,192,19.0,13.0,0,0,0,2,2.0,0
192,193,19.0,7.8542,1,1,0,3,2.0,1
193,194,3.0,26.0,0,1,1,2,2.0,1
194,195,44.0,27.7208,1,0,0,1,0.0,1
195,196,58.0,146.5208,1,0,0,1,0.0,1
196,197,28.0,7.75,0,0,0,3,1.0,0
197,198,42.0,8.4042,0,0,1,3,2.0,0
198,199,28.0,7.75,1,0,0,3,1.0,1
199,200,24.0,13.0,1,0,0,2,2.0,0
200,201,28.0,9.5,0,0,0,3,2.0,0
201,202,28.0,69.55,0,8,2,3,2.0,0
202,203,34.0,6.4958,0,0,0,3,2.0,0
203,204,45.5,7.225,0,0,0,3,0.0,0
204,205,18.0,8.05,0,0,0,3,2.0,1
205,206,2.0,10.4625,1,0,1,3,2.0,0
206,207,32.0,15.85,0,1,0,3,2.0,0
207,208,26.0,18.7875,0,0,0,3,0.0,1
208,209,16.0,7.75,1,0,0,3,1.0,1
209,210,40.0,31.0,0,0,0,1,0.0,1
210,211,24.0,7.05,0,0,0,3,2.0,0
211,212,35.0,21.0,1,0,0,2,2.0,1
212,213,22.0,7.25,0,0,0,3,2.0,0
213,214,30.0,13.0,0,0,0,2,2.0,0
214,215,28.0,7.75,0,1,0,3,1.0,0
215,216,31.0,113.275,1,1,0,1,0.0,1
216,217,27.0,7.925,1,0,0,3,2.0,1
217,218,42.0,27.0,0,1,0,2,2.0,0
218,219,32.0,76.2917,1,0,0,1,0.0,1
219,220,30.0,10.5,0,0,0,2,2.0,0
220,221,16.0,8.05,0,0,0,3,2.0,1
221,222,27.0,13.0,0,0,0,2,2.0,0
222,223,51.0,8.05,0,0,0,3,2.0,0
223,224,28.0,7.8958,0,0,0,3,2.0,0
224,225,38.0,90.0,0,1,0,1,2.0,1
225,226,22.0,9.35,0,0,0,3,2.0,0
226,227,19.0,10.5,0,0,0,2,2.0,1
227,228,20.5,7.25,0,0,0,3,2.0,0
228,229,18.0,13.0,0,0,0,2,2.0,0
229,230,28.0,25.4667,1,3,1,3,2.0,0
230,231,35.0,83.475,1,1,0,1,2.0,1
231,232,29.0,7.775,0,0,0,3,2.0,0
232,233,59.0,13.5,0,0,0,2,2.0,0
233,234,5.0,31.3875,1,4,2,3,2.0,1
234,235,24.0,10.5,0,0,0,2,2.0,0
235,236,28.0,7.55,1,0,0,3,2.0,0
236,237,44.0,26.0,0,1,0,2,2.0,0
237,238,8.0,26.25,1,0,2,2,2.0,1
238,239,19.0,10.5,0,0,0,2,2.0,0
239,240,33.0,12.275,0,0,0,2,2.0,0
240,241,28.0,14.4542,1,1,0,3,0.0,0
241,242,28.0,15.5,1,1,0,3,1.0,1
242,243,29.0,10.5,0,0,0,2,2.0,0
243,244,22.0,7.125,0,0,0,3,2.0,0
244,245,30.0,7.225,0,0,0,3,0.0,0
245,246,44.0,90.0,0,2,0,1,1.0,0
246,247,25.0,7.775,1,0,0,3,2.0,0
247,248,24.0,14.5,1,0,2,2,2.0,1
248,249,37.0,52.5542,0,1,1,1,2.0,1
249,250,54.0,26.0,0,1,0,2,2.0,0
250,251,28.0,7.25,0,0,0,3,2.0,0
251,252,29.0,10.4625,1,1,1,3,2.0,0
252,253,62.0,26.55,0,0,0,1,2.0,0
253,254,30.0,16.1,0,1,0,3,2.0,0
254,255,41.0,20.2125,1,0,2,3,2.0,0
255,256,29.0,15.2458,1,0,2,3,0.0,1
256,257,28.0,79.2,1,0,0,1,0.0,1
257,258,30.0,86.5,1,0,0,1,2.0,1
258,259,35.0,512.3292,1,0,0,1,0.0,1
259,260,50.0,26.0,1,0,1,2,2.0,1
260,261,28.0,7.75,0,0,0,3,1.0,0
261,262,3.0,31.3875,0,4,2,3,2.0,1
262,263,52.0,79.65,0,1,1,1,2.0,0
263,264,40.0,0.0,0,0,0,1,2.0,0
264,265,28.0,7.75,1,0,0,3,1.0,0
265,266,36.0,10.5,0,0,0,2,2.0,0
266,267,16.0,39.6875,0,4,1,3,2.0,0
267,268,25.0,7.775,0,1,0,3,2.0,1
268,269,58.0,153.4625,1,0,1,1,2.0,1
269,270,35.0,135.6333,1,0,0,1,2.0,1
270,271,28.0,31.0,0,0,0,1,2.0,0
271,272,25.0,0.0,0,0,0,3,2.0,1
272,273,41.0,19.5,1,0,1,2,2.0,1
273,274,37.0,29.7,0,0,1,1,0.0,0
274,275,28.0,7.75,1,0,0,3,1.0,1
275,276,63.0,77.9583,1,1,0,1,2.0,1
276,277,45.0,7.75,1,0,0,3,2.0,0
277,278,28.0,0.0,0,0,0,2,2.0,0
278,279,7.0,29.125,0,4,1,3,1.0,0
279,280,35.0,20.25,1,1,1,3,2.0,1
280,281,65.0,7.75,0,0,0,3,1.0,0
281,282,28.0,7.8542,0,0,0,3,2.0,0
282,283,16.0,9.5,0,0,0,3,2.0,0
283,284,19.0,8.05,0,0,0,3,2.0,1
284,285,28.0,26.0,0,0,0,1,2.0,0
285,286,33.0,8.6625,0,0,0,3,0.0,0
286,287,30.0,9.5,0,0,0,3,2.0,1
287,288,22.0,7.8958,0,0,0,3,2.0,0
288,289,42.0,13.0,0,0,0,2,2.0,1
289,290,22.0,7.75,1,0,0,3,1.0,1
290,291,26.0,78.85,1,0,0,1,2.0,1
291,292,19.0,91.0792,1,1,0,1,0.0,1
292,293,36.0,12.875,0,0,0,2,0.0,0
293,294,24.0,8.85,1,0,0,3,2.0,0
294,295,24.0,7.8958,0,0,0,3,2.0,0
295,296,28.0,27.7208,0,0,0,1,0.0,0
296,297,23.5,7.2292,0,0,0,3,0.0,0
297,298,2.0,151.55,1,1,2,1,2.0,0
298,299,28.0,30.5,0,0,0,1,2.0,1
299,300,50.0,247.5208,1,0,1,1,0.0,1
300,301,28.0,7.75,1,0,0,3,1.0,1
301,302,28.0,23.25,0,2,0,3,1.0,1
302,303,19.0,0.0,0,0,0,3,2.0,0
303,304,28.0,12.35,1,0,0,2,1.0,1
304,305,28.0,8.05,0,0,0,3,2.0,0
305,306,0.92,151.55,0,1,2,1,2.0,1
306,307,28.0,110.8833,1,0,0,1,0.0,1
307,308,17.0,108.9,1,1,0,1,0.0,1
308,309,30.0,24.0,0,1,0,2,0.0,0
309,310,30.0,56.9292,1,0,0,1,0.0,1
310,311,24.0,83.1583,1,0,0,1,0.0,1
311,312,18.0,262.375,1,2,2,1,0.0,1
312,313,26.0,26.0,1,1,1,2,2.0,0
313,314,28.0,7.8958,0,0,0,3,2.0,0
314,315,43.0,26.25,0,1,1,2,2.0,0
315,316,26.0,7.8542,1,0,0,3,2.0,1
316,317,24.0,26.0,1,1,0,2,2.0,1
317,318,54.0,14.0,0,0,0,2,2.0,0
318,319,31.0,164.8667,1,0,2,1,2.0,1
319,320,40.0,134.5,1,1,1,1,0.0,1
320,321,22.0,7.25,0,0,0,3,2.0,0
321,322,27.0,7.8958,0,0,0,3,2.0,0
322,323,30.0,12.35,1,0,0,2,1.0,1
323,324,22.0,29.0,1,1,1,2,2.0,1
324,325,28.0,69.55,0,8,2,3,2.0,0
325,326,36.0,135.6333,1,0,0,1,0.0,1
326,327,61.0,6.2375,0,0,0,3,2.0,0
327,328,36.0,13.0,1,0,0,2,2.0,1
328,329,31.0,20.525,1,1,1,3,2.0,1
329,330,16.0,57.9792,1,0,1,1,0.0,1
330,331,28.0,23.25,1,2,0,3,1.0,1
331,332,45.5,28.5,0,0,0,1,2.0,0
332,333,38.0,153.4625,0,0,1,1,2.0,0
333,334,16.0,18.0,0,2,0,3,2.0,0
334,335,28.0,133.65,1,1,0,1,2.0,1
335,336,28.0,7.8958,0,0,0,3,2.0,0
336,337,29.0,66.6,0,1,0,1,2.0,0
337,338,41.0,134.5,1,0,0,1,0.0,1
338,339,45.0,8.05,0,0,0,3,2.0,1
339,340,45.0,35.5,0,0,0,1,2.0,0
340,341,2.0,26.0,0,1,1,2,2.0,1
341,342,24.0,263.0,1,3,2,1,2.0,1
342,343,28.0,13.0,0,0,0,2,2.0,0
343,344,25.0,13.0,0,0,0,2,2.0,0
344,345,36.0,13.0,0,0,0,2,2.0,0
345,346,24.0,13.0,1,0,0,2,2.0,1
346,347,40.0,13.0,1,0,0,2,2.0,1
347,348,28.0,16.1,1,1,0,3,2.0,1
348,349,3.0,15.9,0,1,1,3,2.0,1
349,350,42.0,8.6625,0,0,0,3,2.0,0
350,351,23.0,9.225,0,0,0,3,2.0,0
351,352,28.0,35.0,0,0,0,1,2.0,0
352,353,15.0,7.2292,0,1,1,3,0.0,0
353,354,25.0,17.8,0,1,0,3,2.0,0
354,355,28.0,7.225,0,0,0,3,0.0,0
355,356,28.0,9.5,0,0,0,3,2.0,0
356,357,22.0,55.0,1,0,1,1,2.0,1
357,358,38.0,13.0,1,0,0,2,2.0,0
358,359,28.0,7.8792,1,0,0,3,1.0,1
359,360,28.0,7.8792,1,0,0,3,1.0,1
360,361,40.0,27.9,0,1,4,3,2.0,0
361,362,29.0,27.7208,0,1,0,2,0.0,0
362,363,45.0,14.4542,1,0,1,3,0.0,0
363,364,35.0,7.05,0,0,0,3,2.0,0
364,365,28.0,15.5,0,1,0,3,1.0,0
365,366,30.0,7.25,0,0,0,3,2.0,0
366,367,60.0,75.25,1,1,0,1,0.0,1
367,368,28.0,7.2292,1,0,0,3,0.0,1
368,369,28.0,7.75,1,0,0,3,1.0,1
369,370,24.0,69.3,1,0,0,1,0.0,1
370,371,25.0,55.4417,0,1,0,1,0.0,1
371,372,18.0,6.4958,0,1,0,3,2.0,0
372,373,19.0,8.05,0,0,0,3,2.0,0
373,374,22.0,135.6333,0,0,0,1,0.0,0
374,375,3.0,21.075,1,3,1,3,2.0,0
375,376,28.0,82.1708,1,1,0,1,0.0,1
376,377,22.0,7.25,1,0,0,3,2.0,1
377,378,27.0,211.5,0,0,2,1,0.0,0
378,379,20.0,4.0125,0,0,0,3,0.0,0
379,380,19.0,7.775,0,0,0,3,2.0,0
380,381,42.0,227.525,1,0,0,1,0.0,1
381,382,1.0,15.7417,1,0,2,3,0.0,1
382,383,32.0,7.925,0,0,0,3,2.0,0
383,384,35.0,52.0,1,1,0,1,2.0,1
384,385,28.0,7.8958,0,0,0,3,2.0,0
385,386,18.0,73.5,0,0,0,2,2.0,0
386,387,1.0,46.9,0,5,2,3,2.0,0
387,388,36.0,13.0,1,0,0,2,2.0,1
388,389,28.0,7.7292,0,0,0,3,1.0,0
389,390,17.0,12.0,1,0,0,2,0.0,1
390,391,36.0,120.0,0,1,2,1,2.0,1
391,392,21.0,7.7958,0,0,0,3,2.0,1
392,393,28.0,7.925,0,2,0,3,2.0,0
393,394,23.0,113.275,1,1,0,1,0.0,1
394,395,24.0,16.7,1,0,2,3,2.0,1
395,396,22.0,7.7958,0,0,0,3,2.0,0
396,397,31.0,7.8542,1,0,0,3,2.0,0
397,398,46.0,26.0,0,0,0,2,2.0,0
398,399,23.0,10.5,0,0,0,2,2.0,0
399,400,28.0,12.65,1,0,0,2,2.0,1
400,401,39.0,7.925,0,0,0,3,2.0,1
401,402,26.0,8.05,0,0,0,3,2.0,0
402,403,21.0,9.825,1,1,0,3,2.0,0
403,404,28.0,15.85,0,1,0,3,2.0,0
404,405,20.0,8.6625,1,0,0,3,2.0,0
405,406,34.0,21.0,0,1,0,2,2.0,0
406,407,51.0,7.75,0,0,0,3,2.0,0
407,408,3.0,18.75,0,1,1,2,2.0,1
408,409,21.0,7.775,0,0,0,3,2.0,0
409,410,28.0,25.4667,1,3,1,3,2.0,0
410,411,28.0,7.8958,0,0,0,3,2.0,0
411,412,28.0,6.8583,0,0,0,3,1.0,0
412,413,33.0,90.0,1,1,0,1,1.0,1
413,414,28.0,0.0,0,0,0,2,2.0,0
414,415,44.0,7.925,0,0,0,3,2.0,1
415,416,28.0,8.05,1,0,0,3,2.0,0
416,417,34.0,32.5,1,1,1,2,2.0,1
417,418,18.0,13.0,1,0,2,2,2.0,1
418,419,30.0,13.0,0,0,0,2,2.0,0
419,420,10.0,24.15,1,0,2,3,2.0,0
420,421,28.0,7.8958,0,0,0,3,0.0,0
421,422,21.0,7.7333,0,0,0,3,1.0,0
422,423,29.0,7.875,0,0,0,3,2.0,0
423,424,28.0,14.4,1,1,1,3,2.0,0
424,425,18.0,20.2125,0,1,1,3,2.0,0
425,426,28.0,7.25,0,0,0,3,2.0,0
426,427,28.0,26.0,1,1,0,2,2.0,1
427,428,19.0,26.0,1,0,0,2,2.0,1
428,429,28.0,7.75,0,0,0,3,1.0,0
429,430,32.0,8.05,0,0,0,3,2.0,1
430,431,28.0,26.55,0,0,0,1,2.0,1
431,432,28.0,16.1,1,1,0,3,2.0,1
432,433,42.0,26.0,1,1,0,2,2.0,1
433,434,17.0,7.125,0,0,0,3,2.0,0
434,435,50.0,55.9,0,1,0,1,2.0,0
435,436,14.0,120.0,1,1,2,1,2.0,1
436,437,21.0,34.375,1,2,2,3,2.0,0
437,438,24.0,18.75,1,2,3,2,2.0,1
438,439,64.0,263.0,0,1,4,1,2.0,0
439,440,31.0,10.5,0,0,0,2,2.0,0
440,441,45.0,26.25,1,1,1,2,2.0,1
441,442,20.0,9.5,0,0,0,3,2.0,0
442,443,25.0,7.775,0,1,0,3,2.0,0
443,444,28.0,13.0,1,0,0,2,2.0,1
444,445,28.0,8.1125,0,0,0,3,2.0,1
445,446,4.0,81.8583,0,0,2,1,2.0,1
446,447,13.0,19.5,1,0,1,2,2.0,1
447,448,34.0,26.55,0,0,0,1,2.0,1
448,449,5.0,19.2583,1,2,1,3,0.0,1
449,450,52.0,30.5,0,0,0,1,2.0,1
450,451,36.0,27.75,0,1,2,2,2.0,0
451,452,28.0,19.9667,0,1,0,3,2.0,0
452,453,30.0,27.75,0,0,0,1,0.0,0
453,454,49.0,89.1042,0,1,0,1,0.0,1
454,455,28.0,8.05,0,0,0,3,2.0,0
455,456,29.0,7.8958,0,0,0,3,0.0,1
456,457,65.0,26.55,0,0,0,1,2.0,0
457,458,28.0,51.8625,1,1,0,1,2.0,1
458,459,50.0,10.5,1,0,0,2,2.0,1
459,460,28.0,7.75,0,0,0,3,1.0,0
460,461,48.0,26.55,0,0,0,1,2.0,1
461,462,34.0,8.05,0,0,0,3,2.0,0
462,463,47.0,38.5,0,0,0,1,2.0,0
463,464,48.0,13.0,0,0,0,2,2.0,0
464,465,28.0,8.05,0,0,0,3,2.0,0
465,466,38.0,7.05,0,0,0,3,2.0,0
466,467,28.0,0.0,0,0,0,2,2.0,0
467,468,56.0,26.55,0,0,0,1,2.0,0
468,469,28.0,7.725,0,0,0,3,1.0,0
469,470,0.75,19.2583,1,2,1,3,0.0,1
470,471,28.0,7.25,0,0,0,3,2.0,0
471,472,38.0,8.6625,0,0,0,3,2.0,0
472,473,33.0,27.75,1,1,2,2,2.0,1
473,474,23.0,13.7917,1,0,0,2,0.0,1
474,475,22.0,9.8375,1,0,0,3,2.0,0
475,476,28.0,52.0,0,0,0,1,2.0,0
476,477,34.0,21.0,0,1,0,2,2.0,0
477,478,29.0,7.0458,0,1,0,3,2.0,0
478,479,22.0,7.5208,0,0,0,3,2.0,0
479,480,2.0,12.2875,1,0,1,3,2.0,1
480,481,9.0,46.9,0,5,2,3,2.0,0
481,482,28.0,0.0,0,0,0,2,2.0,0
482,483,50.0,8.05,0,0,0,3,2.0,0
483,484,63.0,9.5875,1,0,0,3,2.0,1
484,485,25.0,91.0792,0,1,0,1,0.0,1
485,486,28.0,25.4667,1,3,1,3,2.0,0
486,487,35.0,90.0,1,1,0,1,2.0,1
487,488,58.0,29.7,0,0,0,1,0.0,0
488,489,30.0,8.05,0,0,0,3,2.0,0
489,490,9.0,15.9,0,1,1,3,2.0,1
490,491,28.0,19.9667,0,1,0,3,2.0,0
491,492,21.0,7.25,0,0,0,3,2.0,0
492,493,55.0,30.5,0,0,0,1,2.0,0
493,494,71.0,49.5042,0,0,0,1,0.0,0
494,495,21.0,8.05,0,0,0,3,2.0,0
495,496,28.0,14.4583,0,0,0,3,0.0,0
496,497,54.0,78.2667,1,1,0,1,0.0,1
497,498,28.0,15.1,0,0,0,3,2.0,0
498,499,25.0,151.55,1,1,2,1,2.0,0
499,500,24.0,7.7958,0,0,0,3,2.0,0
500,501,17.0,8.6625,0,0,0,3,2.0,0
501,502,21.0,7.75,1,0,0,3,1.0,0
502,503,28.0,7.6292,1,0,0,3,1.0,0
503,504,37.0,9.5875,1,0,0,3,2.0,0
504,505,16.0,86.5,1,0,0,1,2.0,1
505,506,18.0,108.9,0,1,0,1,0.0,0
506,507,33.0,26.0,1,0,2,2,2.0,1
507,508,28.0,26.55,0,0,0,1,2.0,1
508,509,28.0,22.525,0,0,0,3,2.0,0
509,510,26.0,56.4958,0,0,0,3,2.0,1
510,511,29.0,7.75,0,0,0,3,1.0,1
511,512,28.0,8.05,0,0,0,3,2.0,0
512,513,36.0,26.2875,0,0,0,1,2.0,1
513,514,54.0,59.4,1,1,0,1,0.0,1
514,515,24.0,7.4958,0,0,0,3,2.0,0
515,516,47.0,34.0208,0,0,0,1,2.0,0
516,517,34.0,10.5,1,0,0,2,2.0,1
517,518,28.0,24.15,0,0,0,3,1.0,0
518,519,36.0,26.0,1,1,0,2,2.0,1
519,520,32.0,7.8958,0,0,0,3,2.0,0
520,521,30.0,93.5,1,0,0,1,2.0,1
521,522,22.0,7.8958,0,0,0,3,2.0,0
522,523,28.0,7.225,0,0,0,3,0.0,0
523,524,44.0,57.9792,1,0,1,1,0.0,1
524,525,28.0,7.2292,0,0,0,3,0.0,0
525,526,40.5,7.75,0,0,0,3,1.0,0
526,527,50.0,10.5,1,0,0,2,2.0,1
527,528,28.0,221.7792,0,0,0,1,2.0,0
528,529,39.0,7.925,0,0,0,3,2.0,0
529,530,23.0,11.5,0,2,1,2,2.0,0
530,531,2.0,26.0,1,1,1,2,2.0,1
531,532,28.0,7.2292,0,0,0,3,0.0,0
532,533,17.0,7.2292,0,1,1,3,0.0,0
533,534,28.0,22.3583,1,0,2,3,0.0,1
534,535,30.0,8.6625,1,0,0,3,2.0,0
535,536,7.0,26.25,1,0,2,2,2.0,1
536,537,45.0,26.55,0,0,0,1,2.0,0
537,538,30.0,106.425,1,0,0,1,0.0,1
538,539,28.0,14.5,0,0,0,3,2.0,0
539,540,22.0,49.5,1,0,2,1,0.0,1
540,541,36.0,71.0,1,0,2,1,2.0,1
541,542,9.0,31.275,1,4,2,3,2.0,0
542,543,11.0,31.275,1,4,2,3,2.0,0
543,544,32.0,26.0,0,1,0,2,2.0,1
544,545,50.0,106.425,0,1,0,1,0.0,0
545,546,64.0,26.0,0,0,0,1,2.0,0
546,547,19.0,26.0,1,1,0,2,2.0,1
547,548,28.0,13.8625,0,0,0,2,0.0,1
548,549,33.0,20.525,0,1,1,3,2.0,0
549,550,8.0,36.75,0,1,1,2,2.0,1
550,551,17.0,110.8833,0,0,2,1,0.0,1
551,552,27.0,26.0,0,0,0,2,2.0,0
552,553,28.0,7.8292,0,0,0,3,1.0,0
553,554,22.0,7.225,0,0,0,3,0.0,1
554,555,22.0,7.775,1,0,0,3,2.0,1
555,556,62.0,26.55,0,0,0,1,2.0,0
556,557,48.0,39.6,1,1,0,1,0.0,1
557,558,28.0,227.525,0,0,0,1,0.0,0
558,559,39.0,79.65,1,1,1,1,2.0,1
559,560,36.0,17.4,1,1,0,3,2.0,1
560,561,28.0,7.75,0,0,0,3,1.0,0
561,562,40.0,7.8958,0,0,0,3,2.0,0
562,563,28.0,13.5,0,0,0,2,2.0,0
563,564,28.0,8.05,0,0,0,3,2.0,0
564,565,28.0,8.05,1,0,0,3,2.0,0
565,566,24.0,24.15,0,2,0,3,2.0,0
566,567,19.0,7.8958,0,0,0,3,2.0,0
567,568,29.0,21.075,1,0,4,3,2.0,0
568,569,28.0,7.2292,0,0,0,3,0.0,0
569,570,32.0,7.8542,0,0,0,3,2.0,1
570,571,62.0,10.5,0,0,0,2,2.0,1
571,572,53.0,51.4792,1,2,0,1,2.0,1
572,573,36.0,26.3875,0,0,0,1,2.0,1
573,574,28.0,7.75,1,0,0,3,1.0,1
574,575,16.0,8.05,0,0,0,3,2.0,0
575,576,19.0,14.5,0,0,0,3,2.0,0
576,577,34.0,13.0,1,0,0,2,2.0,1
577,578,39.0,55.9,1,1,0,1,2.0,1
578,579,28.0,14.4583,1,1,0,3,0.0,0
579,580,32.0,7.925,0,0,0,3,2.0,1
580,581,25.0,30.0,1,1,1,2,2.0,1
581,582,39.0,110.8833,1,1,1,1,0.0,1
582,583,54.0,26.0,0,0,0,2,2.0,0
583,584,36.0,40.125,0,0,0,1,0.0,0
584,585,28.0,8.7125,0,0,0,3,0.0,0
585,586,18.0,79.65,1,0,2,1,2.0,1
586,587,47.0,15.0,0,0,0,2,2.0,0
587,588,60.0,79.2,0,1,1,1,0.0,1
588,589,22.0,8.05,0,0,0,3,2.0,0
589,590,28.0,8.05,0,0,0,3,2.0,0
590,591,35.0,7.125,0,0,0,3,2.0,0
591,592,52.0,78.2667,1,1,0,1,0.0,1
592,593,47.0,7.25,0,0,0,3,2.0,0
593,594,28.0,7.75,1,0,2,3,1.0,0
594,595,37.0,26.0,0,1,0,2,2.0,0
595,596,36.0,24.15,0,1,1,3,2.0,0
596,597,28.0,33.0,1,0,0,2,2.0,1
597,598,49.0,0.0,0,0,0,3,2.0,0
598,599,28.0,7.225,0,0,0,3,0.0,0
599,600,49.0,56.9292,0,1,0,1,0.0,1
600,601,24.0,27.0,1,2,1,2,2.0,1
601,602,28.0,7.8958,0,0,0,3,2.0,0
602,603,28.0,42.4,0,0,0,1,2.0,0
603,604,44.0,8.05,0,0,0,3,2.0,0
604,605,35.0,26.55,0,0,0,1,0.0,1
605,606,36.0,15.55,0,1,0,3,2.0,0
606,607,30.0,7.8958,0,0,0,3,2.0,0
607,608,27.0,30.5,0,0,0,1,2.0,1
608,609,22.0,41.5792,1,1,2,2,0.0,1
609,610,40.0,153.4625,1,0,0,1,2.0,1
610,611,39.0,31.275,1,1,5,3,2.0,0
611,612,28.0,7.05,0,0,0,3,2.0,0
612,613,28.0,15.5,1,1,0,3,1.0,1
613,614,28.0,7.75,0,0,0,3,1.0,0
614,615,35.0,8.05,0,0,0,3,2.0,0
615,616,24.0,65.0,1,1,2,2,2.0,1
616,617,34.0,14.4,0,1,1,3,2.0,0
617,618,26.0,16.1,1,1,0,3,2.0,0
618,619,4.0,39.0,1,2,1,2,2.0,1
619,620,26.0,10.5,0,0,0,2,2.0,0
620,621,27.0,14.4542,0,1,0,3,0.0,0
621,622,42.0,52.5542,0,1,0,1,2.0,1
622,623,20.0,15.7417,0,1,1,3,0.0,1
623,624,21.0,7.8542,0,0,0,3,2.0,0
624,625,21.0,16.1,0,0,0,3,2.0,0
625,626,61.0,32.3208,0,0,0,1,2.0,0
626,627,57.0,12.35,0,0,0,2,1.0,0
627,628,21.0,77.9583,1,0,0,1,2.0,1
628,629,26.0,7.8958,0,0,0,3,2.0,0
629,630,28.0,7.7333,0,0,0,3,1.0,0
630,631,80.0,30.0,0,0,0,1,2.0,1
631,632,51.0,7.0542,0,0,0,3,2.0,0
632,633,32.0,30.5,0,0,0,1,0.0,1
633,634,28.0,0.0,0,0,0,1,2.0,0
634,635,9.0,27.9,1,3,2,3,2.0,0
635,636,28.0,13.0,1,0,0,2,2.0,1
636,637,32.0,7.925,0,0,0,3,2.0,0
637,638,31.0,26.25,0,1,1,2,2.0,0
638,639,41.0,39.6875,1,0,5,3,2.0,0
639,640,28.0,16.1,0,1,0,3,2.0,0
640,641,20.0,7.8542,0,0,0,3,2.0,0
641,642,24.0,69.3,1,0,0,1,0.0,1
642,643,2.0,27.9,1,3,2,3,2.0,0
643,644,28.0,56.4958,0,0,0,3,2.0,1
644,645,0.75,19.2583,1,2,1,3,0.0,1
645,646,48.0,76.7292,0,1,0,1,0.0,1
646,647,19.0,7.8958,0,0,0,3,2.0,0
647,648,56.0,35.5,0,0,0,1,0.0,1
648,649,28.0,7.55,0,0,0,3,2.0,0
649,650,23.0,7.55,1,0,0,3,2.0,1
650,651,28.0,7.8958,0,0,0,3,2.0,0
651,652,18.0,23.0,1,0,1,2,2.0,1
652,653,21.0,8.4333,0,0,0,3,2.0,0
653,654,28.0,7.8292,1,0,0,3,1.0,1
654,655,18.0,6.75,1,0,0,3,1.0,0
655,656,24.0,73.5,0,2,0,2,2.0,0
656,657,28.0,7.8958,0,0,0,3,2.0,0
657,658,32.0,15.5,1,1,1,3,1.0,0
658,659,23.0,13.0,0,0,0,2,2.0,0
659,660,58.0,113.275,0,0,2,1,0.0,0
660,661,50.0,133.65,0,2,0,1,2.0,1
661,662,40.0,7.225,0,0,0,3,0.0,0
662,663,47.0,25.5875,0,0,0,1,2.0,0
663,664,36.0,7.4958,0,0,0,3,2.0,0
664,665,20.0,7.925,0,1,0,3,2.0,1
665,666,32.0,73.5,0,2,0,2,2.0,0
666,667,25.0,13.0,0,0,0,2,2.0,0
667,668,28.0,7.775,0,0,0,3,2.0,0
668,669,43.0,8.05,0,0,0,3,2.0,0
669,670,28.0,52.0,1,1,0,1,2.0,1
670,671,40.0,39.0,1,1,1,2,2.0,1
671,672,31.0,52.0,0,1,0,1,2.0,0
672,673,70.0,10.5,0,0,0,2,2.0,0
673,674,31.0,13.0,0,0,0,2,2.0,1
674,675,28.0,0.0,0,0,0,2,2.0,0
675,676,18.0,7.775,0,0,0,3,2.0,0
676,677,24.5,8.05,0,0,0,3,2.0,0
677,678,18.0,9.8417,1,0,0,3,2.0,1
678,679,43.0,46.9,1,1,6,3,2.0,0
679,680,36.0,512.3292,0,0,1,1,0.0,1
680,681,28.0,8.1375,1,0,0,3,1.0,0
681,682,27.0,76.7292,0,0,0,1,0.0,1
682,683,20.0,9.225,0,0,0,3,2.0,0
683,684,14.0,46.9,0,5,2,3,2.0,0
684,685,60.0,39.0,0,1,1,2,2.0,0
685,686,25.0,41.5792,0,1,2,2,0.0,0
686,687,14.0,39.6875,0,4,1,3,2.0,0
687,688,19.0,10.1708,0,0,0,3,2.0,0
688,689,18.0,7.7958,0,0,0,3,2.0,0
689,690,15.0,211.3375,1,0,1,1,2.0,1
690,691,31.0,57.0,0,1,0,1,2.0,1
691,692,4.0,13.4167,1,0,1,3,0.0,1
692,693,28.0,56.4958,0,0,0,3,2.0,1
693,694,25.0,7.225,0,0,0,3,0.0,0
694,695,60.0,26.55,0,0,0,1,2.0,0
695,696,52.0,13.5,0,0,0,2,2.0,0
696,697,44.0,8.05,0,0,0,3,2.0,0
697,698,28.0,7.7333,1,0,0,3,1.0,1
698,699,49.0,110.8833,0,1,1,1,0.0,0
699,700,42.0,7.65,0,0,0,3,2.0,0
700,701,18.0,227.525,1,1,0,1,0.0,1
701,702,35.0,26.2875,0,0,0,1,2.0,1
702,703,18.0,14.4542,1,0,1,3,0.0,0
703,704,25.0,7.7417,0,0,0,3,1.0,0
704,705,26.0,7.8542,0,1,0,3,2.0,0
705,706,39.0,26.0,0,0,0,2,2.0,0
706,707,45.0,13.5,1,0,0,2,2.0,1
707,708,42.0,26.2875,0,0,0,1,2.0,1
708,709,22.0,151.55,1,0,0,1,2.0,1
709,710,28.0,15.2458,0,1,1,3,0.0,1
710,711,24.0,49.5042,1,0,0,1,0.0,1
711,712,28.0,26.55,0,0,0,1,2.0,0
712,713,48.0,52.0,0,1,0,1,2.0,1
713,714,29.0,9.4833,0,0,0,3,2.0,0
714,715,52.0,13.0,0,0,0,2,2.0,0
715,716,19.0,7.65,0,0,0,3,2.0,0
716,717,38.0,227.525,1,0,0,1,0.0,1
717,718,27.0,10.5,1,0,0,2,2.0,1
718,719,28.0,15.5,0,0,0,3,1.0,0
719,720,33.0,7.775,0,0,0,3,2.0,0
720,721,6.0,33.0,1,0,1,2,2.0,1
721,722,17.0,7.0542,0,1,0,3,2.0,0
722,723,34.0,13.0,0,0,0,2,2.0,0
723,724,50.0,13.0,0,0,0,2,2.0,0
724,725,27.0,53.1,0,1,0,1,2.0,1
725,726,20.0,8.6625,0,0,0,3,2.0,0
726,727,30.0,21.0,1,3,0,2,2.0,1
727,728,28.0,7.7375,1,0,0,3,1.0,1
728,729,25.0,26.0,0,1,0,2,2.0,0
729,730,25.0,7.925,1,1,0,3,2.0,0
730,731,29.0,211.3375,1,0,0,1,2.0,1
731,732,11.0,18.7875,0,0,0,3,0.0,0
732,733,28.0,0.0,0,0,0,2,2.0,0
733,734,23.0,13.0,0,0,0,2,2.0,0
734,735,23.0,13.0,0,0,0,2,2.0,0
735,736,28.5,16.1,0,0,0,3,2.0,0
736,737,48.0,34.375,1,1,3,3,2.0,0
737,738,35.0,512.3292,0,0,0,1,0.0,1
738,739,28.0,7.8958,0,0,0,3,2.0,0
739,740,28.0,7.8958,0,0,0,3,2.0,0
740,741,28.0,30.0,0,0,0,1,2.0,1
741,742,36.0,78.85,0,1,0,1,2.0,0
742,743,21.0,262.375,1,2,2,1,0.0,1
743,744,24.0,16.1,0,1,0,3,2.0,0
744,745,31.0,7.925,0,0,0,3,2.0,1
745,746,70.0,71.0,0,1,1,1,2.0,0
746,747,16.0,20.25,0,1,1,3,2.0,0
747,748,30.0,13.0,1,0,0,2,2.0,1
748,749,19.0,53.1,0,1,0,1,2.0,0
749,750,31.0,7.75,0,0,0,3,1.0,0
750,751,4.0,23.0,1,1,1,2,2.0,1
751,752,6.0,12.475,0,0,1,3,2.0,1
752,753,33.0,9.5,0,0,0,3,2.0,0
753,754,23.0,7.8958,0,0,0,3,2.0,0
754,755,48.0,65.0,1,1,2,2,2.0,1
755,756,0.67,14.5,0,1,1,2,2.0,1
756,757,28.0,7.7958,0,0,0,3,2.0,0
757,758,18.0,11.5,0,0,0,2,2.0,0
758,759,34.0,8.05,0,0,0,3,2.0,0
759,760,33.0,86.5,1,0,0,1,2.0,1
760,761,28.0,14.5,0,0,0,3,2.0,0
761,762,41.0,7.125,0,0,0,3,2.0,0
762,763,20.0,7.2292,0,0,0,3,0.0,1
763,764,36.0,120.0,1,1,2,1,2.0,1
764,765,16.0,7.775,0,0,0,3,2.0,0
765,766,51.0,77.9583,1,1,0,1,2.0,1
766,767,28.0,39.6,0,0,0,1,0.0,0
767,768,30.5,7.75,1,0,0,3,1.0,0
768,769,28.0,24.15,0,1,0,3,1.0,0
769,770,32.0,8.3625,0,0,0,3,2.0,0
770,771,24.0,9.5,0,0,0,3,2.0,0
771,772,48.0,7.8542,0,0,0,3,2.0,0
772,773,57.0,10.5,1,0,0,2,2.0,0
773,774,28.0,7.225,0,0,0,3,0.0,0
774,775,54.0,23.0,1,1,3,2,2.0,1
775,776,18.0,7.75,0,0,0,3,2.0,0
776,777,28.0,7.75,0,0,0,3,1.0,0
777,778,5.0,12.475,1,0,0,3,2.0,1
778,779,28.0,7.7375,0,0,0,3,1.0,0
779,780,43.0,211.3375,1,0,1,1,2.0,1
780,781,13.0,7.2292,1,0,0,3,0.0,1
781,782,17.0,57.0,1,1,0,1,2.0,1
782,783,29.0,30.0,0,0,0,1,2.0,0
783,784,28.0,23.45,0,1,2,3,2.0,0
784,785,25.0,7.05,0,0,0,3,2.0,0
785,786,25.0,7.25,0,0,0,3,2.0,0
786,787,18.0,7.4958,1,0,0,3,2.0,1
787,788,8.0,29.125,0,4,1,3,1.0,0
788,789,1.0,20.575,0,1,2,3,2.0,1
789,790,46.0,79.2,0,0,0,1,0.0,0
790,791,28.0,7.75,0,0,0,3,1.0,0
791,792,16.0,26.0,0,0,0,2,2.0,0
792,793,28.0,69.55,1,8,2,3,2.0,0
793,794,28.0,30.6958,0,0,0,1,0.0,0
794,795,25.0,7.8958,0,0,0,3,2.0,0
795,796,39.0,13.0,0,0,0,2,2.0,0
796,797,49.0,25.9292,1,0,0,1,2.0,1
797,798,31.0,8.6833,1,0,0,3,2.0,1
798,799,30.0,7.2292,0,0,0,3,0.0,0
799,800,30.0,24.15,1,1,1,3,2.0,0
800,801,34.0,13.0,0,0,0,2,2.0,0
801,802,31.0,26.25,1,1,1,2,2.0,1
802,803,11.0,120.0,0,1,2,1,2.0,1
803,804,0.42,8.5167,0,0,1,3,0.0,1
804,805,27.0,6.975,0,0,0,3,2.0,1
805,806,31.0,7.775,0,0,0,3,2.0,0
806,807,39.0,0.0,0,0,0,1,2.0,0
807,808,18.0,7.775,1,0,0,3,2.0,0
808,809,39.0,13.0,0,0,0,2,2.0,0
809,810,33.0,53.1,1,1,0,1,2.0,1
810,811,26.0,7.8875,0,0,0,3,2.0,0
811,812,39.0,24.15,0,0,0,3,2.0,0
812,813,35.0,10.5,0,0,0,2,2.0,0
813,814,6.0,31.275,1,4,2,3,2.0,0
814,815,30.5,8.05,0,0,0,3,2.0,0
815,816,28.0,0.0,0,0,0,1,2.0,0
816,817,23.0,7.925,1,0,0,3,2.0,0
817,818,31.0,37.0042,0,1,1,2,0.0,0
818,819,43.0,6.45,0,0,0,3,2.0,0
819,820,10.0,27.9,0,3,2,3,2.0,0
820,821,52.0,93.5,1,1,1,1,2.0,1
821,822,27.0,8.6625,0,0,0,3,2.0,1
822,823,38.0,0.0,0,0,0,1,2.0,0
823,824,27.0,12.475,1,0,1,3,2.0,1
824,825,2.0,39.6875,0,4,1,3,2.0,0
825,826,28.0,6.95,0,0,0,3,1.0,0
826,827,28.0,56.4958,0,0,0,3,2.0,0
827,828,1.0,37.0042,0,0,2,2,0.0,1
828,829,28.0,7.75,0,0,0,3,1.0,1
830,831,15.0,14.4542,1,1,0,3,0.0,1
831,832,0.83,18.75,0,1,1,2,2.0,1
832,833,28.0,7.2292,0,0,0,3,0.0,0
833,834,23.0,7.8542,0,0,0,3,2.0,0
834,835,18.0,8.3,0,0,0,3,2.0,0
835,836,39.0,83.1583,1,1,1,1,0.0,1
836,837,21.0,8.6625,0,0,0,3,2.0,0
837,838,28.0,8.05,0,0,0,3,2.0,0
838,839,32.0,56.4958,0,0,0,3,2.0,1
839,840,28.0,29.7,0,0,0,1,0.0,1
840,841,20.0,7.925,0,0,0,3,2.0,0
841,842,16.0,10.5,0,0,0,2,2.0,0
842,843,30.0,31.0,1,0,0,1,0.0,1
843,844,34.5,6.4375,0,0,0,3,0.0,0
844,845,17.0,8.6625,0,0,0,3,2.0,0
845,846,42.0,7.55,0,0,0,3,2.0,0
846,847,28.0,69.55,0,8,2,3,2.0,0
847,848,35.0,7.8958,0,0,0,3,0.0,0
848,849,28.0,33.0,0,0,1,2,2.0,0
849,850,28.0,89.1042,1,1,0,1,0.0,1
850,851,4.0,31.275,0,4,2,3,2.0,0
851,852,74.0,7.775,0,0,0,3,2.0,0
852,853,9.0,15.2458,1,1,1,3,0.0,0
853,854,16.0,39.4,1,0,1,1,2.0,1
854,855,44.0,26.0,1,1,0,2,2.0,0
855,856,18.0,9.35,1,0,1,3,2.0,1
856,857,45.0,164.8667,1,1,1,1,2.0,1
857,858,51.0,26.55,0,0,0,1,2.0,1
858,859,24.0,19.2583,1,0,3,3,0.0,1
859,860,28.0,7.2292,0,0,0,3,0.0,0
860,861,41.0,14.1083,0,2,0,3,2.0,0
861,862,21.0,11.5,0,1,0,2,2.0,0
862,863,48.0,25.9292,1,0,0,1,2.0,1
863,864,28.0,69.55,1,8,2,3,2.0,0
864,865,24.0,13.0,0,0,0,2,2.0,0
865,866,42.0,13.0,1,0,0,2,2.0,1
866,867,27.0,13.8583,1,1,0,2,0.0,1
867,868,31.0,50.4958,0,0,0,1,2.0,0
868,869,28.0,9.5,0,0,0,3,2.0,0
869,870,4.0,11.1333,0,1,1,3,2.0,1
870,871,26.0,7.8958,0,0,0,3,2.0,0
871,872,47.0,52.5542,1,1,1,1,2.0,1
872,873,33.0,5.0,0,0,0,1,2.0,0
873,874,47.0,9.0,0,0,0,3,2.0,0
874,875,28.0,24.0,1,1,0,2,0.0,1
875,876,15.0,7.225,1,0,0,3,0.0,1
876,877,20.0,9.8458,0,0,0,3,2.0,0
877,878,19.0,7.8958,0,0,0,3,2.0,0
878,879,28.0,7.8958,0,0,0,3,2.0,0
879,880,56.0,83.1583,1,0,1,1,0.0,1
880,881,25.0,26.0,1,0,1,2,2.0,1
881,882,33.0,7.8958,0,0,0,3,2.0,0
882,883,22.0,10.5167,1,0,0,3,2.0,0
883,884,28.0,10.5,0,0,0,2,2.0,0
884,885,25.0,7.05,0,0,0,3,2.0,0
885,886,39.0,29.125,1,0,5,3,1.0,0
886,887,27.0,13.0,0,0,0,2,2.0,0
887,888,19.0,30.0,1,0,0,1,2.0,1
888,889,28.0,23.45,1,1,2,3,2.0,0
889,890,26.0,30.0,0,0,0,1,0.0,1
890,891,32.0,7.75,0,0,0,3,1.0,0
891,892,34.5,7.8292,0,0,0,3,1.0,0
892,893,47.0,7.0,1,1,0,3,2.0,0
893,894,62.0,9.6875,0,0,0,2,1.0,0
894,895,27.0,8.6625,0,0,0,3,2.0,0
895,896,22.0,12.2875,1,1,1,3,2.0,0
896,897,14.0,9.225,0,0,0,3,2.0,0
897,898,30.0,7.6292,1,0,0,3,1.0,0
898,899,26.0,29.0,0,1,1,2,2.0,0
899,900,18.0,7.2292,1,0,0,3,0.0,0
900,901,21.0,24.15,0,2,0,3,2.0,0
901,902,28.0,7.8958,0,0,0,3,2.0,0
902,903,46.0,26.0,0,0,0,1,2.0,0
903,904,23.0,82.2667,1,1,0,1,2.0,0
904,905,63.0,26.0,0,1,0,2,2.0,0
905,906,47.0,61.175,1,1,0,1,2.0,0
906,907,24.0,27.7208,1,1,0,2,0.0,0
907,908,35.0,12.35,0,0,0,2,1.0,0
908,909,21.0,7.225,0,0,0,3,0.0,0
909,910,27.0,7.925,1,1,0,3,2.0,0
910,911,45.0,7.225,1,0,0,3,0.0,0
911,912,55.0,59.4,0,1,0,1,0.0,0
912,913,9.0,3.1708,0,0,1,3,2.0,0
913,914,28.0,31.6833,1,0,0,1,2.0,0
914,915,21.0,61.3792,0,0,1,1,0.0,0
915,916,48.0,262.375,1,1,3,1,0.0,0
916,917,50.0,14.5,0,1,0,3,2.0,0
917,918,22.0,61.9792,1,0,1,1,0.0,0
918,919,22.5,7.225,0,0,0,3,0.0,0
919,920,41.0,30.5,0,0,0,1,2.0,0
920,921,28.0,21.6792,0,2,0,3,0.0,0
921,922,50.0,26.0,0,1,0,2,2.0,0
922,923,24.0,31.5,0,2,0,2,2.0,0
923,924,33.0,20.575,1,1,2,3,2.0,0
924,925,28.0,23.45,1,1,2,3,2.0,0
925,926,30.0,57.75,0,1,0,1,0.0,0
926,927,18.5,7.2292,0,0,0,3,0.0,0
927,928,28.0,8.05,1,0,0,3,2.0,0
928,929,21.0,8.6625,1,0,0,3,2.0,0
929,930,25.0,9.5,0,0,0,3,2.0,0
930,931,28.0,56.4958,0,0,0,3,2.0,0
931,932,39.0,13.4167,0,0,1,3,0.0,0
932,933,28.0,26.55,0,0,0,1,2.0,0
933,934,41.0,7.85,0,0,0,3,2.0,0
934,935,30.0,13.0,1,0,0,2,2.0,0
935,936,45.0,52.5542,1,1,0,1,2.0,0
936,937,25.0,7.925,0,0,0,3,2.0,0
937,938,45.0,29.7,0,0,0,1,0.0,0
938,939,28.0,7.75,0,0,0,3,1.0,0
939,940,60.0,76.2917,1,0,0,1,0.0,0
940,941,36.0,15.9,1,0,2,3,2.0,0
941,942,24.0,60.0,0,1,0,1,2.0,0
942,943,27.0,15.0333,0,0,0,2,0.0,0
943,944,20.0,23.0,1,2,1,2,2.0,0
944,945,28.0,263.0,1,3,2,1,2.0,0
945,946,28.0,15.5792,0,0,0,2,0.0,0
946,947,10.0,29.125,0,4,1,3,1.0,0
947,948,35.0,7.8958,0,0,0,3,2.0,0
948,949,25.0,7.65,0,0,0,3,2.0,0
949,950,28.0,16.1,0,1,0,3,2.0,0
950,951,36.0,262.375,1,0,0,1,0.0,0
951,952,17.0,7.8958,0,0,0,3,2.0,0
952,953,32.0,13.5,0,0,0,2,2.0,0
953,954,18.0,7.75,0,0,0,3,2.0,0
954,955,22.0,7.725,1,0,0,3,1.0,0
955,956,13.0,262.375,0,2,2,1,0.0,0
956,957,28.0,21.0,1,0,0,2,2.0,0
957,958,18.0,7.8792,1,0,0,3,1.0,0
958,959,47.0,42.4,0,0,0,1,2.0,0
959,960,31.0,28.5375,0,0,0,1,0.0,0
960,961,60.0,263.0,1,1,4,1,2.0,0
961,962,24.0,7.75,1,0,0,3,1.0,0
962,963,21.0,7.8958,0,0,0,3,2.0,0
963,964,29.0,7.925,1,0,0,3,2.0,0
964,965,28.5,27.7208,0,0,0,1,0.0,0
965,966,35.0,211.5,1,0,0,1,0.0,0
966,967,32.5,211.5,0,0,0,1,0.0,0
967,968,28.0,8.05,0,0,0,3,2.0,0
968,969,55.0,25.7,1,2,0,1,2.0,0
969,970,30.0,13.0,0,0,0,2,2.0,0
970,971,24.0,7.75,1,0,0,3,1.0,0
971,972,6.0,15.2458,0,1,1,3,0.0,0
972,973,67.0,221.7792,0,1,0,1,2.0,0
973,974,49.0,26.0,0,0,0,1,2.0,0
974,975,28.0,7.8958,0,0,0,3,2.0,0
975,976,28.0,10.7083,0,0,0,2,1.0,0
976,977,28.0,14.4542,0,1,0,3,0.0,0
977,978,27.0,7.8792,1,0,0,3,1.0,0
978,979,18.0,8.05,1,0,0,3,2.0,0
979,980,28.0,7.75,1,0,0,3,1.0,0
980,981,2.0,23.0,0,1,1,2,2.0,0
981,982,22.0,13.9,1,1,0,3,2.0,0
982,983,28.0,7.775,0,0,0,3,2.0,0
983,984,27.0,52.0,1,1,2,1,2.0,0
984,985,28.0,8.05,0,0,0,3,2.0,0
985,986,25.0,26.0,0,0,0,1,0.0,0
986,987,25.0,7.7958,0,0,0,3,2.0,0
987,988,76.0,78.85,1,1,0,1,2.0,0
988,989,29.0,7.925,0,0,0,3,2.0,0
989,990,20.0,7.8542,1,0,0,3,2.0,0
990,991,33.0,8.05,0,0,0,3,2.0,0
991,992,43.0,55.4417,1,1,0,1,0.0,0
992,993,27.0,26.0,0,1,0,2,2.0,0
993,994,28.0,7.75,0,0,0,3,1.0,0
994,995,26.0,7.775,0,0,0,3,2.0,0
995,996,16.0,8.5167,1,1,1,3,0.0,0
996,997,28.0,22.525,0,0,0,3,2.0,0
997,998,21.0,7.8208,0,0,0,3,1.0,0
998,999,28.0,7.75,0,0,0,3,1.0,0
999,1000,28.0,8.7125,0,0,0,3,2.0,0
1000,1001,18.5,13.0,0,0,0,2,2.0,0
1001,1002,41.0,15.0458,0,0,0,2,0.0,0
1002,1003,28.0,7.7792,1,0,0,3,1.0,0
1003,1004,36.0,31.6792,1,0,0,1,0.0,0
1004,1005,18.5,7.2833,1,0,0,3,1.0,0
1005,1006,63.0,221.7792,1,1,0,1,2.0,0
1006,1007,18.0,14.4542,0,1,0,3,0.0,0
1007,1008,28.0,6.4375,0,0,0,3,0.0,0
1008,1009,1.0,16.7,1,1,1,3,2.0,0
1009,1010,36.0,75.2417,0,0,0,1,0.0,0
1010,1011,29.0,26.0,1,1,0,2,2.0,0
1011,1012,12.0,15.75,1,0,0,2,2.0,0
1012,1013,28.0,7.75,0,1,0,3,1.0,0
1013,1014,35.0,57.75,1,1,0,1,0.0,0
1014,1015,28.0,7.25,0,0,0,3,2.0,0
1015,1016,28.0,7.75,0,0,0,3,1.0,0
1016,1017,17.0,16.1,1,0,1,3,2.0,0
1017,1018,22.0,7.7958,0,0,0,3,2.0,0
1018,1019,28.0,23.25,1,2,0,3,1.0,0
1019,1020,42.0,13.0,0,0,0,2,2.0,0
1020,1021,24.0,8.05,0,0,0,3,2.0,0
1021,1022,32.0,8.05,0,0,0,3,2.0,0
1022,1023,53.0,28.5,0,0,0,1,0.0,0
1023,1024,28.0,25.4667,1,0,4,3,2.0,0
1024,1025,28.0,6.4375,0,1,0,3,0.0,0
1025,1026,43.0,7.8958,0,0,0,3,2.0,0
1026,1027,24.0,7.8542,0,0,0,3,2.0,0
1027,1028,26.5,7.225,0,0,0,3,0.0,0
1028,1029,26.0,13.0,0,0,0,2,2.0,0
1029,1030,23.0,8.05,1,0,0,3,2.0,0
1030,1031,40.0,46.9,0,1,6,3,2.0,0
1031,1032,10.0,46.9,1,5,2,3,2.0,0
1032,1033,33.0,151.55,1,0,0,1,2.0,0
1033,1034,61.0,262.375,0,1,3,1,0.0,0
1034,1035,28.0,26.0,0,0,0,2,2.0,0
1035,1036,42.0,26.55,0,0,0,1,2.0,0
1036,1037,31.0,18.0,0,3,0,3,2.0,0
1037,1038,28.0,51.8625,0,0,0,1,2.0,0
1038,1039,22.0,8.05,0,0,0,3,2.0,0
1039,1040,28.0,26.55,0,0,0,1,2.0,0
1040,1041,30.0,26.0,0,1,1,2,2.0,0
1041,1042,23.0,83.1583,1,0,1,1,0.0,0
1042,1043,28.0,7.8958,0,0,0,3,0.0,0
1043,1044,60.5,14.4542,0,0,0,3,2.0,0
1044,1045,36.0,12.1833,1,0,2,3,2.0,0
1045,1046,13.0,31.3875,0,4,2,3,2.0,0
1046,1047,24.0,7.55,0,0,0,3,2.0,0
1047,1048,29.0,221.7792,1,0,0,1,2.0,0
1048,1049,23.0,7.8542,1,0,0,3,2.0,0
1049,1050,42.0,26.55,0,0,0,1,2.0,0
1050,1051,26.0,13.775,1,0,2,3,2.0,0
1051,1052,28.0,7.7333,1,0,0,3,1.0,0
1052,1053,7.0,15.2458,0,1,1,3,0.0,0
1053,1054,26.0,13.5,1,0,0,2,2.0,0
1054,1055,28.0,7.0,0,0,0,3,2.0,0
1055,1056,41.0,13.0,0,0,0,2,2.0,0
1056,1057,26.0,22.025,1,1,1,3,2.0,0
1057,1058,48.0,50.4958,0,0,0,1,0.0,0
1058,1059,18.0,34.375,0,2,2,3,2.0,0
1059,1060,28.0,27.7208,1,0,0,1,0.0,0
1060,1061,22.0,8.9625,1,0,0,3,2.0,0
1061,1062,28.0,7.55,0,0,0,3,2.0,0
1062,1063,27.0,7.225,0,0,0,3,0.0,0
1063,1064,23.0,13.9,0,1,0,3,2.0,0
1064,1065,28.0,7.2292,0,0,0,3,0.0,0
1065,1066,40.0,31.3875,0,1,5,3,2.0,0
1066,1067,15.0,39.0,1,0,2,2,2.0,0
1067,1068,20.0,36.75,1,0,0,2,2.0,0
1068,1069,54.0,55.4417,0,1,0,1,0.0,0
1069,1070,36.0,39.0,1,0,3,2,2.0,0
1070,1071,64.0,83.1583,1,0,2,1,0.0,0
1071,1072,30.0,13.0,0,0,0,2,2.0,0
1072,1073,37.0,83.1583,0,1,1,1,0.0,0
1073,1074,18.0,53.1,1,1,0,1,2.0,0
1074,1075,28.0,7.75,0,0,0,3,1.0,0
1075,1076,27.0,247.5208,1,1,1,1,0.0,0
1076,1077,40.0,16.0,0,0,0,2,2.0,0
1077,1078,21.0,21.0,1,0,1,2,2.0,0
1078,1079,17.0,8.05,0,2,0,3,2.0,0
1079,1080,28.0,69.55,1,8,2,3,2.0,0
1080,1081,40.0,13.0,0,0,0,2,2.0,0
1081,1082,34.0,26.0,0,1,0,2,2.0,0
1082,1083,28.0,26.0,0,0,0,1,2.0,0
1083,1084,11.5,14.5,0,1,1,3,2.0,0
1084,1085,61.0,12.35,0,0,0,2,1.0,0
1085,1086,8.0,32.5,0,0,2,2,2.0,0
1086,1087,33.0,7.8542,0,0,0,3,2.0,0
1087,1088,6.0,134.5,0,0,2,1,0.0,0
1088,1089,18.0,7.775,1,0,0,3,2.0,0
1089,1090,23.0,10.5,0,0,0,2,2.0,0
1090,1091,28.0,8.1125,1,0,0,3,2.0,0
1091,1092,28.0,15.5,1,0,0,3,1.0,0
1092,1093,0.33,14.4,0,0,2,3,2.0,0
1093,1094,47.0,227.525,0,1,0,1,0.0,0
1094,1095,8.0,26.0,1,1,1,2,2.0,0
1095,1096,25.0,10.5,0,0,0,2,2.0,0
1096,1097,28.0,25.7417,0,0,0,1,0.0,0
1097,1098,35.0,7.75,1,0,0,3,1.0,0
1098,1099,24.0,10.5,0,0,0,2,2.0,0
1099,1100,33.0,27.7208,1,0,0,1,0.0,0
1100,1101,25.0,7.8958,0,0,0,3,2.0,0
1101,1102,32.0,22.525,0,0,0,3,2.0,0
1102,1103,28.0,7.05,0,0,0,3,2.0,0
1103,1104,17.0,73.5,0,0,0,2,2.0,0
1104,1105,60.0,26.0,1,1,0,2,2.0,0
1105,1106,38.0,7.775,1,4,2,3,2.0,0
1106,1107,42.0,42.5,0,0,0,1,2.0,0
1107,1108,28.0,7.8792,1,0,0,3,1.0,0
1108,1109,57.0,164.8667,0,1,1,1,2.0,0
1109,1110,50.0,211.5,1,1,1,1,0.0,0
1110,1111,28.0,8.05,0,0,0,3,2.0,0
1111,1112,30.0,13.8583,1,1,0,2,0.0,0
1112,1113,21.0,8.05,0,0,0,3,2.0,0
1113,1114,22.0,10.5,1,0,0,2,2.0,0
1114,1115,21.0,7.7958,0,0,0,3,2.0,0
1115,1116,53.0,27.4458,1,0,0,1,0.0,0
1116,1117,28.0,15.2458,1,0,2,3,0.0,0
1117,1118,23.0,7.7958,0,0,0,3,2.0,0
1118,1119,28.0,7.75,1,0,0,3,1.0,0
1119,1120,40.5,15.1,0,0,0,3,2.0,0
1120,1121,36.0,13.0,0,0,0,2,2.0,0
1121,1122,14.0,65.0,0,0,0,2,2.0,0
1122,1123,21.0,26.55,1,0,0,1,2.0,0
1123,1124,21.0,6.4958,0,1,0,3,2.0,0
1124,1125,28.0,7.8792,0,0,0,3,1.0,0
1125,1126,39.0,71.2833,0,1,0,1,0.0,0
1126,1127,20.0,7.8542,0,0,0,3,2.0,0
1127,1128,64.0,75.25,0,1,0,1,0.0,0
1128,1129,20.0,7.225,0,0,0,3,0.0,0
1129,1130,18.0,13.0,1,1,1,2,2.0,0
1130,1131,48.0,106.425,1,1,0,1,0.0,0
1131,1132,55.0,27.7208,1,0,0,1,0.0,0
1132,1133,45.0,30.0,1,0,2,2,2.0,0
1133,1134,45.0,134.5,0,1,1,1,0.0,0
1134,1135,28.0,7.8875,0,0,0,3,2.0,0
1135,1136,28.0,23.45,0,1,2,3,2.0,0
1136,1137,41.0,51.8625,0,1,0,1,2.0,0
1137,1138,22.0,21.0,1,0,0,2,2.0,0
1138,1139,42.0,32.5,0,1,1,2,2.0,0
1139,1140,29.0,26.0,1,1,0,2,2.0,0
1140,1141,28.0,14.4542,1,1,0,3,0.0,0
1141,1142,0.92,27.75,1,1,2,2,2.0,0
1142,1143,20.0,7.925,0,0,0,3,2.0,0
1143,1144,27.0,136.7792,0,1,0,1,0.0,0
1144,1145,24.0,9.325,0,0,0,3,2.0,0
1145,1146,32.5,9.5,0,0,0,3,2.0,0
1146,1147,28.0,7.55,0,0,0,3,2.0,0
1147,1148,28.0,7.75,0,0,0,3,1.0,0
1148,1149,28.0,8.05,0,0,0,3,2.0,0
1149,1150,19.0,13.0,1,0,0,2,2.0,0
1150,1151,21.0,7.775,0,0,0,3,2.0,0
1151,1152,36.5,17.4,0,1,0,3,2.0,0
1152,1153,21.0,7.8542,0,0,0,3,2.0,0
1153,1154,29.0,23.0,1,0,2,2,2.0,0
1154,1155,1.0,12.1833,1,1,1,3,2.0,0
1155,1156,30.0,12.7375,0,0,0,2,0.0,0
1156,1157,28.0,7.8958,0,0,0,3,2.0,0
1157,1158,28.0,0.0,0,0,0,1,2.0,0
1158,1159,28.0,7.55,0,0,0,3,2.0,0
1159,1160,28.0,8.05,1,0,0,3,2.0,0
1160,1161,17.0,8.6625,0,0,0,3,2.0,0
1161,1162,46.0,75.2417,0,0,0,1,0.0,0
1162,1163,28.0,7.75,0,0,0,3,1.0,0
1163,1164,26.0,136.7792,1,1,0,1,0.0,0
1164,1165,28.0,15.5,1,1,0,3,1.0,0
1165,1166,28.0,7.225,0,0,0,3,0.0,0
1166,1167,20.0,26.0,1,1,0,2,2.0,0
1167,1168,28.0,10.5,0,0,0,2,2.0,0
1168,1169,40.0,26.0,0,1,0,2,2.0,0
1169,1170,30.0,21.0,0,1,0,2,2.0,0
1170,1171,22.0,10.5,0,0,0,2,2.0,0
1171,1172,23.0,8.6625,1,0,0,3,2.0,0
1172,1173,0.75,13.775,0,1,1,3,2.0,0
1173,1174,28.0,7.75,1,0,0,3,1.0,0
1174,1175,9.0,15.2458,1,1,1,3,0.0,0
1175,1176,2.0,20.2125,1,1,1,3,2.0,0
1176,1177,36.0,7.25,0,0,0,3,2.0,0
1177,1178,28.0,7.25,0,0,0,3,2.0,0
1178,1179,24.0,82.2667,0,1,0,1,2.0,0
1179,1180,28.0,7.2292,0,0,0,3,0.0,0
1180,1181,28.0,8.05,0,0,0,3,2.0,0
1181,1182,28.0,39.6,0,0,0,1,2.0,0
1182,1183,30.0,6.95,1,0,0,3,1.0,0
1183,1184,28.0,7.2292,0,0,0,3,0.0,0
1184,1185,53.0,81.8583,0,1,1,1,2.0,0
1185,1186,36.0,9.5,0,0,0,3,2.0,0
1186,1187,26.0,7.8958,0,0,0,3,2.0,0
1187,1188,1.0,41.5792,1,1,2,2,0.0,0
1188,1189,28.0,21.6792,0,2,0,3,0.0,0
1189,1190,30.0,45.5,0,0,0,1,2.0,0
1190,1191,29.0,7.8542,0,0,0,3,2.0,0
1191,1192,32.0,7.775,0,0,0,3,2.0,0
1192,1193,28.0,15.0458,0,0,0,2,0.0,0
1193,1194,43.0,21.0,0,0,1,2,2.0,0
1194,1195,24.0,8.6625,0,0,0,3,2.0,0
1195,1196,28.0,7.75,1,0,0,3,1.0,0
1196,1197,64.0,26.55,1,1,1,1,2.0,0
1197,1198,30.0,151.55,0,1,2,1,2.0,0
1198,1199,0.83,9.35,0,0,1,3,2.0,0
1199,1200,55.0,93.5,0,1,1,1,2.0,0
1200,1201,45.0,14.1083,1,1,0,3,2.0,0
1201,1202,18.0,8.6625,0,0,0,3,2.0,0
1202,1203,22.0,7.225,0,0,0,3,0.0,0
1203,1204,28.0,7.575,0,0,0,3,2.0,0
1204,1205,37.0,7.75,1,0,0,3,1.0,0
1205,1206,55.0,135.6333,1,0,0,1,0.0,0
1206,1207,17.0,7.7333,1,0,0,3,1.0,0
1207,1208,57.0,146.5208,0,1,0,1,0.0,0
1208,1209,19.0,10.5,0,0,0,2,2.0,0
1209,1210,27.0,7.8542,0,0,0,3,2.0,0
1210,1211,22.0,31.5,0,2,0,2,2.0,0
1211,1212,26.0,7.775,0,0,0,3,2.0,0
1212,1213,25.0,7.2292,0,0,0,3,0.0,0
1213,1214,26.0,13.0,0,0,0,2,2.0,0
1214,1215,33.0,26.55,0,0,0,1,2.0,0
1215,1216,39.0,211.3375,1,0,0,1,2.0,0
1216,1217,23.0,7.05,0,0,0,3,2.0,0
1217,1218,12.0,39.0,1,2,1,2,2.0,0
1218,1219,46.0,79.2,0,0,0,1,0.0,0
1219,1220,29.0,26.0,0,1,0,2,2.0,0
1220,1221,21.0,13.0,0,0,0,2,2.0,0
1221,1222,48.0,36.75,1,0,2,2,2.0,0
1222,1223,39.0,29.7,0,0,0,1,0.0,0
1223,1224,28.0,7.225,0,0,0,3,0.0,0
1224,1225,19.0,15.7417,1,1,1,3,0.0,0
1225,1226,27.0,7.8958,0,0,0,3,2.0,0
1226,1227,30.0,26.0,0,0,0,1,2.0,0
1227,1228,32.0,13.0,0,0,0,2,2.0,0
1228,1229,39.0,7.2292,0,0,2,3,0.0,0
1229,1230,25.0,31.5,0,0,0,2,2.0,0
1230,1231,28.0,7.2292,0,0,0,3,0.0,0
1231,1232,18.0,10.5,0,0,0,2,2.0,0
1232,1233,32.0,7.5792,0,0,0,3,2.0,0
1233,1234,28.0,69.55,0,1,9,3,2.0,0
1234,1235,58.0,512.3292,1,0,1,1,0.0,0
1235,1236,28.0,14.5,0,1,1,3,2.0,0
1236,1237,16.0,7.65,1,0,0,3,2.0,0
1237,1238,26.0,13.0,0,0,0,2,2.0,0
1238,1239,38.0,7.2292,1,0,0,3,0.0,0
1239,1240,24.0,13.5,0,0,0,2,2.0,0
1240,1241,31.0,21.0,1,0,0,2,2.0,0
1241,1242,45.0,63.3583,1,0,1,1,0.0,0
1242,1243,25.0,10.5,0,0,0,2,2.0,0
1243,1244,18.0,73.5,0,0,0,2,2.0,0
1244,1245,49.0,65.0,0,1,2,2,2.0,0
1245,1246,0.17,20.575,1,1,2,3,2.0,0
1246,1247,50.0,26.0,0,0,0,1,2.0,0
1247,1248,59.0,51.4792,1,2,0,1,2.0,0
1248,1249,28.0,7.8792,0,0,0,3,2.0,0
1249,1250,28.0,7.75,0,0,0,3,1.0,0
1250,1251,30.0,15.55,1,1,0,3,2.0,0
1251,1252,14.5,69.55,0,8,2,3,2.0,0
1252,1253,24.0,37.0042,1,1,1,2,0.0,0
1253,1254,31.0,21.0,1,0,0,2,2.0,0
1254,1255,27.0,8.6625,0,0,0,3,2.0,0
1255,1256,25.0,55.4417,1,1,0,1,0.0,0
1256,1257,28.0,69.55,1,1,9,3,2.0,0
1257,1258,28.0,14.4583,0,1,0,3,0.0,0
1258,1259,22.0,39.6875,1,0,0,3,2.0,0
1259,1260,45.0,59.4,1,0,1,1,0.0,0
1260,1261,29.0,13.8583,0,0,0,2,0.0,0
1261,1262,21.0,11.5,0,1,0,2,2.0,0
1262,1263,31.0,134.5,1,0,0,1,0.0,0
1263,1264,49.0,0.0,0,0,0,1,2.0,0
1264,1265,44.0,13.0,0,0,0,2,2.0,0
1265,1266,54.0,81.8583,1,1,1,1,2.0,0
1266,1267,45.0,262.375,1,0,0,1,0.0,0
1267,1268,22.0,8.6625,1,2,0,3,2.0,0
1268,1269,21.0,11.5,0,0,0,2,2.0,0
1269,1270,55.0,50.0,0,0,0,1,2.0,0
1270,1271,5.0,31.3875,0,4,2,3,2.0,0
1271,1272,28.0,7.75,0,0,0,3,1.0,0
1272,1273,26.0,7.8792,0,0,0,3,1.0,0
1273,1274,28.0,14.5,1,0,0,3,2.0,0
1274,1275,19.0,16.1,1,1,0,3,2.0,0
1275,1276,28.0,12.875,0,0,0,2,2.0,0
1276,1277,24.0,65.0,1,1,2,2,2.0,0
1277,1278,24.0,7.775,0,0,0,3,2.0,0
1278,1279,57.0,13.0,0,0,0,2,2.0,0
1279,1280,21.0,7.75,0,0,0,3,1.0,0
1280,1281,6.0,21.075,0,3,1,3,2.0,0
1281,1282,23.0,93.5,0,0,0,1,2.0,0
1282,1283,51.0,39.4,1,0,1,1,2.0,0
1283,1284,13.0,20.25,0,0,2,3,2.0,0
1284,1285,47.0,10.5,0,0,0,2,2.0,0
1285,1286,29.0,22.025,0,3,1,3,2.0,0
1286,1287,18.0,60.0,1,1,0,1,2.0,0
1287,1288,24.0,7.25,0,0,0,3,1.0,0
1288,1289,48.0,79.2,1,1,1,1,0.0,0
1289,1290,22.0,7.775,0,0,0,3,2.0,0
1290,1291,31.0,7.7333,0,0,0,3,1.0,0
1291,1292,30.0,164.8667,1,0,0,1,2.0,0
1292,1293,38.0,21.0,0,1,0,2,2.0,0
1293,1294,22.0,59.4,1,0,1,1,0.0,0
1294,1295,17.0,47.1,0,0,0,1,2.0,0
1295,1296,43.0,27.7208,0,1,0,1,0.0,0
1296,1297,20.0,13.8625,0,0,0,2,0.0,0
1297,1298,23.0,10.5,0,1,0,2,2.0,0
1298,1299,50.0,211.5,0,1,1,1,0.0,0
1299,1300,28.0,7.7208,1,0,0,3,1.0,0
1300,1301,3.0,13.775,1,1,1,3,2.0,0
1301,1302,28.0,7.75,1,0,0,3,1.0,0
1302,1303,37.0,90.0,1,1,0,1,1.0,0
1303,1304,28.0,7.775,1,0,0,3,2.0,0
1304,1305,28.0,8.05,0,0,0,3,2.0,0
1305,1306,39.0,108.9,1,0,0,1,0.0,0
1306,1307,38.5,7.25,0,0,0,3,2.0,0
1307,1308,28.0,8.05,0,0,0,3,2.0,0
1308,1309,28.0,22.3583,0,1,1,3,0.0,0
